{
  "start_timestamp": 1773057894.1890416,
  "total_distributed": 68493.15068494,
  "epochs": {
    "1": {
      "epoch_number": 1,
      "start_time": 1773144294.1890416,
      "end_time": 1773230694.1890416,
      "total_emission": 68493.1506849315,
      "distributed": 68493.15068494,
      "is_finalized": true,
      "distributions": {
        "0.0.1001": 272.23032864,
        "0.0.1002": 108.89213145,
        "0.0.1003": 54.44606573,
        "0.0.9001": 40834.54929547,
        "0.0.9002": 27223.03286365
      }
    }
  }
}