{
  "start_timestamp": 1773238211.5896034,
  "total_distributed": 0.0,
  "epochs": {
    "1": {
      "epoch_number": 1,
      "start_time": 1773238211.5896034,
      "end_time": 1773324611.5896034,
      "total_emission": 0.0,
      "distributed": 0.0,
      "is_finalized": true,
      "distributions": {
        "demo-miner-001": 0.0,
        "0.0.1003": 0.0,
        "0.0.1001": 0.0,
        "0.0.1002": 0.0,
        "Gamma-Miner": 0.0,
        "Alpha-Miner": 0.0,
        "Beta-Miner": 0.0,
        "0.0.3001": 0.0,
        "agent-defi-007": 0.0,
        "0.0.8127455": 0.0
      }
    }
  },
  "meta": {
    "source": "hedera_hcs",
    "synced_at": "2026-03-12T14:10:11.589603"
  }
}